country_code,country_name,cereals_n_e_c_share_cropland,meat_of_goat_export_value_share,meat_of_goat_prod_t_per_pasture_ha,oats_share_cropland,goats_export_value_share,oats_yield_kg_per_ha,swine_per_pigs_export_value_share,oats_total_export_value_share,chickens_export_value_share,meat_of_cattle_prod_t_per_pasture_ha,wool_export_value_share,meat_of_sheep_export_value_share,cattle_export_value_share,barley_export_value_share,meat_of_chickens_export_value_share,cropland_share_agri_land,wheat_export_value_share,potatoes_export_value_share,sheep_export_value_share,dairy_prod_t_per_pasture_ha,vegetables_total_export_value_share,meat_of_cattle_export_value_share,meat_of_pig_export_value_share,milk_export_value_share,hen_eggs_total_export_value_share,hen_eggs_prod_t_per_agri_land_ha,meat_of_chickens_prod_t_per_agri_land_ha,milk_prod_t_per_pasture_ha,meat_of_pig_prod_t_per_agri_land_ha,barley_share_cropland,potatoes_share_cropland,pulses_total_share_cropland,vegetables_primary_share_cropland,wheat_share_cropland,barley_yield_kg_per_ha,potatoes_yield_kg_per_ha,pulses_total_yield_kg_per_ha,vegetables_primary_yield_kg_per_ha,wheat_yield_kg_per_ha,cattle_stocks_per_pasture_ha,sheep_stocks_per_pasture_ha,goats_stocks_per_pasture_ha,chickens_stocks_per_agri_land_ha,swine_stocks_per_agri_land_ha,meat_of_sheep_prod_t_per_pasture_ha,pasture_share_agri_land,dairy_products_total_export_value_share
32,Argentina,0.0006233929940446413,8.366175541043723e-06,0.10057923514932254,0.00640880856277781,8.6009893658434e-08,2138.6222222222223,2.706892880408809e-06,2.3898741519544424e-05,3.2370224787595964e-05,39.69163605872447,0.0002787493869056204,0.00014877550172022314,1.7602994997101718e-05,0.017153285339242454,0.007279407035164748,0.35729972630951773,0.05933664661145585,0.000211375408712577,6.999430624712617e-07,10.77495495094507,4.642708867546626e-05,0.06097703042264251,0.0004585893795546694,0.012671290818230745,5.89035270002756e-05,7.299841375810047,18.54113939450016,3.174755064421591,5.345692508623663,0.027325767208128023,0.001759319749287897,0.015532191566818327,0.0041107470251581825,0.1375465892444232,3705.222222222222,33928.62222222222,1393.1888888888889,21248.477777777778,2975.0333333333333,711.1473151476191,185.65934800030107,59.498062362174274,980.8852413841552,44.96546048451714,0.6474028427497419,0.6427002737849404,0.020170072711596675
36,Australia,0.0,0.004228593630508132,0.0843590102349207,0.026762438525855983,0.00012462317314815388,1631.3444444444442,6.231315558969521e-07,0.003450964687883123,0.00010679529496797883,6.772201622729054,0.004284363375693511,0.06768152677329087,0.027421975959457674,0.03818872297376081,0.001383010809210036,0.08695399121497725,0.12844277426876027,0.0006718605605235514,0.003151880508767926,2.5526317780569046,0.0004919717219747613,0.17777106169199566,0.002574815437302045,0.024563248462394313,0.00012183184518914237,0.6825152221124503,3.5160699791751178,0.8149343258270267,1.1550958230702353,0.14593081714092984,0.0010075422721309683,0.07439648620296024,0.002365027852350599,0.3685155802063645,2555.155555555555,39758.166666666664,1467.111111111111,26408.855555555558,2320.988888888889,78.66911612048881,210.39011205201334,11.248690527734798,283.1311857818017,6.735343556342845,2.187875621838246,0.9130460087850226,0.04216032212739019
40,Austria,0.007498303873099706,2.484245749364473e-07,0.5524259966810066,0.015414752239613262,6.655219751860525e-05,3810.3555555555554,0.00026010489697107184,0.0005646538995401515,0.0011465639040603567,178.3379169710859,1.371562176118934e-05,9.07674603410549e-05,0.0072507429715222916,0.0015829316196510146,0.011462432243622707,0.5291095261776945,0.015680153492249195,0.0009147197587230151,0.00010271540631677861,431.6164404911199,0.003189198882572754,0.036672985925832784,0.029935557402883135,0.02658416747323547,0.0019661438147614407,49.383146195080705,46.58578361047595,17.307137484366518,189.50103470146607,0.0963859520673156,0.016017364017335847,0.014973356259604017,0.011907677960026196,0.20867995635574935,5917.777777777777,31453.31111111111,2263.2333333333336,35278.4,5626.611111111111,1528.341095417737,311.59007240191045,72.07263642453019,6392.82150741815,1044.8097561660695,5.256978929549895,0.4708025494342976,0.06863824993665804
56,Belgium,0.003204930936383178,8.021801055326994e-06,0.7311947648828594,0.00417280086510701,6.513143873950855e-06,5044.988888888889,0.0033465396850926176,0.0004553595306103531,0.003290563446569926,550.150623008436,0.0004222410327807284,0.002497847063787669,0.0033900776555251294,0.0008423481242104296,0.019178558951575345,0.6489224755646988,0.004011775228672549,0.004603005282354346,1.2137971327470524e-05,1607.997290587585,0.027672430318288758,0.016496406739314944,0.030972514740976047,0.027673659336434595,0.005036260337443304,110.04839087362627,329.7330752878127,584.5747964334747,784.9364219335608,0.05269172790449233,0.1047846982895933,0.006102421172376826,0.06842427499610793,0.23142727294231363,7925.355555555555,41184.21111111111,4234.622222222222,32930.48888888889,8607.244444444445,4998.419831353753,213.7009105540754,106.97863257999397,34974.44024805634,4469.953177652829,5.390248681853369,0.35112764565595644,0.0686013630820975
76,Brazil,0.0,1.5666817622793894e-07,0.20484040837144976,0.006914180852963985,3.016865371462534e-09,2030.877777777778,4.33220261977916e-05,2.0292083402066423e-05,0.0008824420815070107,45.909196433517806,2.3784609382537975e-06,3.761584916109681e-06,0.0031390130058136074,8.198268402640715e-06,0.07321160423771232,0.2678785590213997,0.0028782824544186687,3.020529344868975e-05,1.0457507862369242e-06,4.848734632337523,1.9632778981491956e-05,0.07286277144051195,0.018925142364652158,0.0009066110068666148,0.0008158359254209033,12.938873693382085,56.17198680470398,3.7270397094025864,18.271507850435295,0.0017432321107390977,0.0019150449658958432,0.04273151625105835,0.005545703330274144,0.039293152127094826,3353.1222222222223,31663.255555555555,1084.4222222222222,24857.800000000003,2667.3222222222225,1278.5495337428902,114.70922751384806,65.14987166932231,6176.974856564954,175.77959879469546,0.5680695673401777,0.7321213471660537,0.0011731162218000352
100,Bulgaria,0.0008047916854224281,1.9631264451302574e-05,1.1212993045695485,0.003392712207163386,1.4523708437523212e-05,2294.277777777778,0.0005871500531812199,0.0003426171538362569,0.001971008100239491,12.860946777385031,0.0005453608849973789,0.0012069124265750124,0.008243608946824542,0.01324303642448988,0.012003009362978606,0.7227229173126405,0.17713718583253682,0.00012469451797610985,0.0004784171388609429,66.90646770205929,0.00371597712193974,0.0015152259099783466,0.0020212973820145455,0.0021009579640333905,0.00800821211383989,15.659067558928053,17.53615395186547,0.0,15.280454827075204,0.0369720010879008,0.002831639731439123,0.010531408128481017,0.005794542758235846,0.3268335078222372,4733.5,17867.844444444447,1815.9222222222222,20248.133333333335,5100.966666666666,405.2347138646681,903.5774371181128,170.25407878072744,3371.5485597228603,122.20374413232447,5.867346937021863,0.27729909796596286,0.021332146440539337
124,Canada,0.0,1.756352531690545e-06,0.0,0.028666954267488,3.54878561530609e-06,3350.3,0.007778952884231925,0.012647999173516344,0.00030481989992213124,67.11365362256417,1.1821583158347354e-05,2.32739303432125e-05,0.01947656146839137,0.011021001531012245,0.003129052469507709,0.67086989810068,0.12137060396407623,0.005503912998574446,1.7180609273475924e-05,58.55678362728064,0.003233243948485371,0.0432527531541705,0.05269302765680641,0.0019232909120467374,0.0004508198263848044,10.089398711095772,22.44723816747574,6.08924018418203,38.07789975338836,0.06629978614017387,0.0037191613097508607,0.08928729962141096,0.0024309970549441307,0.25088075628269413,3514.733333333333,39751.22222222222,1883.2111111111108,24677.166666666668,3228.4555555555553,610.1410841169986,43.480355565480835,1.586514542154955,2956.200660886671,242.13225575733546,0.8837116098560922,0.32913010189932007,0.0029387008203032782
159,China,0.00014177111950663902,0.00022092147219610547,6.097020675399786,0.0011961945108132606,9.890233893686986e-06,3415.5666666666666,0.00664883702922548,0.00011642254416130367,7.631538012228531e-05,15.362768605116214,0.0007430977202360764,0.0002602588577986289,0.0008329432776939985,1.4024388084346214e-06,0.013680194529059017,0.24775249323897613,4.544026075312349e-05,0.0037970172638401726,8.055283661004079e-08,0.7913808942765194,0.03215119022306435,0.0028073541899561404,0.004761706800814415,0.009115040584359803,0.0025716434996901753,54.83550378653264,27.925616283659473,0.04204457014073799,101.63907314150688,0.0022881943687466707,0.03578582850563613,0.020394834227263577,0.18161066258791175,0.1853753951272236,3606.5333333333333,19485.78888888889,1813.2222222222222,24840.07777777778,5611.733333333334,169.03268160201117,442.4684627886362,347.2005843010873,9929.446319287881,830.1491159494424,6.341316713930057,0.7522274713025252,0.009445689844955633
191,Croatia,0.0015241551530251556,7.722001560240012e-05,0.9307801410645246,0.02085010071498027,3.231252390287712e-05,3064.0444444444447,0.020512099110817663,0.000681928889223331,0.0034296565517264324,75.15109253781894,0.00011221710934825357,0.0003071362836125066,0.060810720348246985,0.006588762937851771,0.005219718241699938,0.6165217638233633,0.04056036345075149,0.001166841015317262,0.003289736876729545,127.78448659868779,0.003841652487813047,0.017520183211696492,0.010944289458732624,0.006591441681100513,0.0015809609289087199,24.538345136556895,36.95150346785899,1.8007012885149285,73.28397032666822,0.06213279889897502,0.009782478905895418,0.002912932063503154,0.039336210268379655,0.1613030007650948,4795.0,17265.633333333335,1681.677777777778,32712.662500000002,5698.5,748.3828602526405,1100.7141111713333,136.98928480770996,7153.358180674339,690.9102060869399,9.44021988525596,0.3834782361766367,0.02007584749233906
196,Cyprus,0.0,0.0002338066998478519,1220.5087676966173,0.002373437749381823,0.002166708068466695,1468.3000000000002,0.0,0.0,3.7200472411057424e-06,2865.3346721291664,0.0,0.00043169396407531657,0.004017880410968525,1.1688176139875249e-05,0.001126649860584665,0.9848877296356418,2.2094502447576226e-05,0.11151062157302606,0.0015860715534777446,3962.340495794507,0.006698483957838724,0.001069199304925177,0.0054594659362858225,3.226157266583447e-05,0.00027803334405425385,78.99446757448042,208.58276693865525,0.0,341.3468475897673,0.10585307220306933,0.03412756072848391,0.003716016269436568,0.015029661940300785,0.09307614326906288,1804.0333333333333,23403.377777777776,1522.1555555555556,30247.222222222223,2120.7555555555555,39956.8584044108,177665.5035880591,137097.29913732398,30795.222667911537,2816.0326753396494,1647.6626091045646,0.015112270364358252,0.5440708726629542
203,Czechia,0.00197586591450085,0.0,0.25638475996085003,0.017608078601137122,6.906203646496206e-07,3433.3,0.006478384917302935,0.002354860880125801,0.006828582130166597,73.46483900379901,0.0013101305957271354,0.0001658301861825857,0.02416850725132329,0.009909489435178767,0.005189607292518345,0.7210860219121895,0.05732022404716054,0.0012304779228891711,9.991913277262002e-05,444.24747294026463,0.003652250589965588,0.006849497857727405,0.008474341199698346,0.04911266502238184,0.00585630803667576,23.045708946359948,44.54876834443736,41.20085984196666,62.97785046765125,0.13041847573356335,0.008961808858545039,0.015878480060144314,0.0036925891843487876,0.324780529314132,5398.355555555555,27829.5,2428.644444444444,22827.61111111111,6068.055555555556,1408.6836323171772,208.5200968335022,28.16932225337213,6131.067190276136,423.45952707879053,3.425624335345482,0.2789139780878105,0.0807314677246476
208,Denmark,0.0,3.1060376232710626e-06,0.0,0.025966829225430324,0.0,4913.011111111111,0.06628641514132505,0.0009176353205321992,0.005629146804975794,545.1999103815392,8.898668423048462e-06,0.0003081259140748907,0.004548837127283373,0.011516085908276448,0.007409064450207611,0.9132502477268292,0.009306964142399829,0.003628218429618286,6.553548106636924e-06,3278.6638342129936,0.0010872844737527644,0.020339152946677565,0.1623968855433959,0.022455029654596517,0.002423610026856474,32.63683770560979,58.960350732345056,414.9768609534038,592.9886273741789,0.27019680623027376,0.02254043233008289,0.011243309958799956,0.004410081485041754,0.2237647336915103,5712.711111111112,42265.7,3753.3888888888887,25265.51111111111,7659.144444444445,6639.128495554078,627.5274896052267,84.70686419312767,7799.413245984015,4741.58605767667,6.433366039439535,0.08679201308948797,0.14355665934514045
233,Estonia,0.0069499356698026135,0.0,0.04409888573581272,0.05056469197748716,2.489401559609014e-06,2446.5444444444443,0.001843851542575664,0.012079059899137608,7.615512722307529e-05,35.96279700775785,0.000243152028919918,0.0006250400444981503,0.023209339102404875,0.043205014176994565,0.010005951951425777,0.7059638775599636,0.08720575773164176,0.0006799545545410047,0.000705893838110099,409.4573271051644,0.0015653844535261849,0.006875427428301622,0.022253351078613766,0.07065077880346905,0.0021828426064751097,11.397041373322775,21.472968393486838,27.73889627805154,44.03366462749007,0.17716873604192704,0.005800368220726712,0.07044908553846717,0.0025036933234291086,0.24326581814908727,3609.5444444444447,21097.933333333334,2086.6111111111113,25093.766666666666,4172.522222222222,866.8533978320379,247.3895034052793,15.914281327956038,2133.735759837277,300.54125636637286,1.4845118388362477,0.29399111087720764,0.14459894433204135
246,Finland,0.0009127039508968204,0.0,0.3484848484848485,0.1330959008519983,0.0,3447.411111111111,0.0016735056700487698,0.04739773214634977,0.0014593712584337426,4004.2280234819805,2.6464559579729876e-05,8.185546517869543e-05,0.0004556579626206292,0.010837827419695224,0.0047930141730336655,0.9900764690376194,0.012358768030743707,0.0022109033179583916,4.77297044425211e-05,14716.689600649552,0.002082099162037999,0.01240731957017342,0.03901054629081935,0.05492588397718862,0.008487967893824964,33.00383871681694,56.51290995105522,3817.134122035758,77.34004155943883,0.17493493771202717,0.009105958276890567,0.011032537104803945,0.004499322743187258,0.09326981994781264,3565.0444444444447,28114.222222222223,2243.711111111111,25106.533333333333,3701.0777777777776,39384.25668603712,6549.674231525202,260.8534003073931,5648.300610847478,484.3343368025931,61.646019847458696,0.009923530962380491,0.16182989280483032
250,France,0.003638019205056041,0.00027891242068042867,0.8246987820133305,0.0050251117196719675,2.9891752890546567e-05,4901.088888888889,0.0016309471609576532,0.0003791002701501736,0.0029230210034540713,144.75531061431306,5.682410648795159e-05,0.0020269586976827507,0.024100077868634755,0.02130309665604503,0.007916285459643395,0.6555084084714581,0.06295722387728153,0.010126271883560254,0.0005778960960281698,421.9766497207609,0.005647412139338511,0.01594452576046546,0.014715194544286206,0.019506730595478156,0.001959240056236126,30.926933266002624,39.854202123187825,49.189373232184465,75.79501226177887,0.09962376317104847,0.010671704095755647,0.01803755358248217,0.012653819479329908,0.2765192458266927,6291.1,41069.74444444444,2796.488888888889,22615.877777777776,6962.144444444445,1856.9280014579588,712.4384503077365,133.22308650529024,8319.056898075936,452.5687491809769,9.010397724571899,0.34449159152854203,0.0783348373803298
276,Germany,0.0,5.22793162716473e-06,0.06167848480276223,0.011843420863776983,9.871636577924775e-07,4304.822222222222,0.00256489354868227,0.0015469117473557812,0.007306230693128894,231.19898782364484,0.00017277621570090443,0.000760384089756246,0.004062761949012635,0.007016043302934768,0.007891452943643266,0.7164393681049849,0.02265125957392058,0.005026090224854413,2.131275897250063e-05,1263.394381156528,0.002142581838878354,0.01747161441547665,0.05385195768352539,0.02662869547190551,0.004044243101695829,54.247350968540275,62.780948747932925,178.01250853244352,307.3626956491375,0.13575763808622876,0.021595792294918044,0.015610060236186487,0.009091217653010603,0.25621155639957016,6718.077777777778,42221.2,3176.188888888889,32604.42222222222,7508.122222222223,2477.542409122748,328.16850109458227,31.145591524430447,9298.703087058164,1519.011339175357,7.051214141966385,0.28344715278222243,0.09414186837644328
300,Greece,0.002137835515497885,0.0009721532352908899,9.059598106873914,0.021918717056477927,5.462544346535013e-06,1478.3666666666666,0.0014390578094819067,3.130781424101512e-05,0.000525465223308794,13.518040206673394,4.866471934969358e-05,0.0051270227585281545,5.3309045416810836e-05,0.000183240694278989,0.004881026275339709,0.5288335978691179,0.01643372678923585,0.0020142095077176772,0.00023643268045018723,21.170342905426683,0.003318330625017284,0.000657909522061633,0.0015011841227577554,0.0019152406052990148,0.0006627878906636438,15.235659673678589,41.91764775983859,2.1441944663422863,13.626224909993237,0.04356997750841845,0.00534654591856152,0.035085138951284914,0.020804939210464616,0.14058701348903282,2820.5555555555557,27587.622222222224,1508.611111111111,31919.866666666665,2878.5222222222224,218.46638348793445,3005.6299067925265,1271.9750736026153,6365.481808246735,126.68523914930486,21.65791194598679,0.47116640626752804,0.08387091762313592
348,Hungary,0.0014705547044892146,6.791612676548578e-07,0.19557380976917052,0.006374484469210333,4.5533944688490384e-05,2794.8888888888887,0.005621278161871326,0.0003079686998475585,0.009871987830941608,36.65012388284047,3.8745820824176155e-05,0.00023272550776843313,0.01935155003320234,0.01393819426109607,0.022336740882700674,0.8499215780102124,0.05510006070072368,0.00021669040958994376,0.004694113556246255,239.65395819184985,0.004860267910964876,0.004354190810062942,0.03864592706099876,0.01313611487618135,0.004146294316306947,26.37052385616848,66.61601748132577,11.676767189580465,88.33854676036468,0.06693634389173904,0.0028417573591551465,0.003805975464715668,0.011666460622200642,0.22607446351043675,5294.611111111111,25634.666666666668,2331.9666666666667,18708.466666666667,5319.644444444445,1129.0363251471076,1330.153300629025,73.690261513619,5940.043042527438,545.9791185648588,1.6934390475188286,0.1500784219897876,0.027629401260193493
356,India,0.0,3.7954336241119745e-06,114.9557879293828,0.0,0.0004445289456281399,0.0,7.304397690063338e-06,4.845844989448323e-05,1.1297421830721192e-05,0.0,0.0002893743093537268,0.002976253941630756,3.893536439099215e-06,0.00010466598695969193,0.00021553792923142953,0.9422444867964104,0.0121897510978795,0.002124717645093625,7.442282215272463e-05,60.60246406515643,0.004312937122209801,4.228648612171092e-06,5.327187365600496e-05,0.0020245632803173414,0.0014207986656619913,33.88483056564296,23.44024033346493,59.22529600607609,2.1308845494929187,0.0035922968157432386,0.01287710962988686,0.16795885155504778,0.049843789689299346,0.18183457719465007,2744.766666666667,23535.433333333334,843.5111111111112,15767.222222222223,3322.6222222222223,18598.366840763054,7986.693713606464,15203.123929042382,4471.925043933223,50.96467367757144,79.2569509046238,0.05775489328844866,0.002719882635416251
372,Ireland,0.0009241593139424157,3.125177048334292e-05,0.0,0.054947460423296124,1.1403095751981826e-06,7792.7444444444445,0.004812169772431009,0.00154197127426174,0.0006033066243864594,152.74141274243573,0.00010488896416340511,0.02467244337451065,0.008388819136682716,0.0005589685630173536,0.0057517479981350275,0.10162952654705622,0.0004751977834933777,0.00028086933232793085,0.00018593356523383022,262.3414190947842,0.0002978379701325463,0.15055972792560682,0.033329491902341885,0.04010826722409768,0.0016039497964661857,11.60120325452384,29.537373391263007,66.00966928471146,69.13215959101983,0.418123681782443,0.019314258085797,0.025743846904018874,0.00945832447832299,0.13692089020758383,7696.122222222223,40629.08888888889,5123.9,48036.666666666664,9451.1,1705.1184960209907,1083.41747898056,2.3439154436785787,3430.7026750355963,357.7995724282377,16.47259565531667,0.8984226172960467,0.18862687579173795
380,Italy,0.003356543789252995,2.9024073746274734e-05,0.5904396430932857,0.011314198930754181,1.8589639775625095e-06,2342.5,6.7722753857115885e-06,6.033203193986813e-05,0.00017247176853275346,215.26599973501357,0.0003509445037321567,0.000448679599539978,0.0002522547210848106,6.649851631903753e-05,0.004360329684523414,0.7265284896657009,0.0024431496161486264,0.0011392500287559185,9.715267307601144e-06,671.0648764134236,0.01190457315593356,0.011330707419861434,0.004140674631724139,0.0018315790473358911,0.00110388401465149,56.288536355216365,80.2861539630787,3.063609054342983,109.24535863992004,0.027943594474464855,0.005108997249800501,0.010907188737273215,0.040496888057748225,0.19459121083795708,4122.722222222223,28414.755555555555,1982.611111111111,30567.833333333332,3921.0333333333338,1762.6071805110453,2000.2183082932654,292.4416782570709,11145.580956649002,674.0558366970406,8.930250789608888,0.27347151033429906,0.07495072486525747
428,Latvia,0.014790686540856426,1.5211250114998891e-06,0.08122789040849768,0.05913371436697255,9.022367266758841e-05,2495.855555555556,0.005606661061155917,0.010121632784459345,0.00047167726842725074,28.05331250519494,0.00038980460298417854,0.00043082514909187797,0.012485987860597424,0.008941208097953643,0.009595624600640871,0.6795204728569438,0.16732643408461345,0.0010150115038862985,6.305394061877783e-05,171.89835709846705,0.001934512061475412,0.012497804469154356,0.003717798303329467,0.04548312799966407,0.014525526029443502,24.033073439175592,17.37538426859639,16.37728288510315,19.23379132861444,0.0664355037348135,0.010300191068267071,0.03516578807428336,0.0036060581240435425,0.3673456238334121,3268.511111111111,19439.544444444444,2746.188888888889,20920.022222222222,4553.288888888888,640.4761449219482,152.378005656135,19.041465344044898,2699.0607345970284,163.9331520740968,1.401551584876238,0.3204795271430561,0.0824843606717625
440,Lithuania,0.013165570809432012,6.643068935757437e-07,0.0924488585647682,0.03809900206273541,0.0,2228.988888888889,0.005337217526917661,0.004258870176804726,0.0013499404805337144,64.34932312791145,0.00015831481031524535,3.966193985154922e-05,0.008498906073283496,0.009080371253213164,0.018264720045485898,0.7625147579216303,0.12984792116336366,0.0005838749001193185,5.576245563846671e-05,353.80407678647526,0.002617715559423895,0.02223059692283096,0.0034348566993000432,0.02254838996276215,0.004190558599539354,15.593841896822024,33.43356837600681,76.25753392392774,25.55293182636607,0.07556125859870727,0.008261434009738007,0.07718070878381092,0.004539705335906903,0.39209081226663967,3573.866666666667,15620.411111111112,2503.3999999999996,18615.811111111114,4640.0,960.7143360078361,207.73475883223642,20.769156513875757,3304.1798910263874,202.12795044918687,1.549310305044071,0.23749276508937964,0.09316099835968122
442,Luxembourg,0.0015135276520179457,9.166482300699102e-06,0.05728916558371844,0.021841126511963935,0.00011028584223561964,4797.7555555555555,0.008442171215637702,0.0004096400057627433,0.0003566139161867686,145.1628108570734,2.9486130268805026e-05,0.0006406013773740233,0.017973987544649912,0.0021332093561406366,0.0016251781592095684,0.4825865388046497,0.005046211111163133,0.002333943954300722,4.079083015927872e-05,88.59823103472668,0.0021313177170893694,0.0118789985027044,0.007245920544234541,0.07697174054691405,0.002437937515380942,16.592956341090254,0.6697712871494705,0.0,96.74984098970113,0.09851549269954672,0.00958185598256739,0.0076685483631569636,0.002485329836897228,0.20876123076981884,5593.377777777778,26291.78888888889,2770.411111111111,21425.61111111111,5922.577777777778,2841.4753237081914,133.4489343045046,73.82527290391037,1079.2758962335656,626.6511866439728,0.7292936880251981,0.51594553264669,0.2752000580496452
528,Netherlands (Kingdom of the),0.0009299774404075839,3.554027013739873e-05,2.950615522723127,0.0014120586037289142,1.805879715310887e-05,5018.877777777778,0.008354289357612888,0.00014260282278793848,0.003623707194930393,560.8608079057171,1.829438657373962e-05,0.002980279879556089,0.0032493141237349235,0.00029897228584505677,0.02477756748061881,0.5807774483693103,0.000934774963672275,0.008583188961755509,0.000164959653416089,2704.938057303467,0.008178509750024897,0.03178295536991774,0.024613360187929346,0.016291512011495583,0.0100764174279274,354.6542767356077,532.4428814058563,778.7590212898554,859.7737640400588,0.03227012577955156,0.1520342101767229,0.0024628452942445666,0.0852311853621709,0.11560653260227882,6907.033333333334,42040.24444444445,4096.34,56836.433333333334,8736.566666666668,5098.948247926125,1050.9528115310668,706.2446698538492,56046.69402076003,6407.58053226523,18.732404529300567,0.41922282355795243,0.07298482326002416
554,New Zealand,0.0043038789024687895,0.0003068137649497159,0.17022327413284813,0.008875595244073829,7.244010429228675e-05,5776.544444444445,1.187205162632882e-06,2.7865464758112046e-05,0.0011468421793672467,72.72737419983011,0.009104910788848274,0.10106068577511435,0.003855508120478801,8.369047703853345e-06,0.0014785880609187684,0.05851738402307222,1.685519097911379e-05,0.0006919304065824833,5.626599225460235e-05,295.8950428704744,0.003574001022164014,0.10033471468237748,5.719802732021229e-05,0.23625265141387577,0.0003613948349818255,6.125112060854991,21.310512185140443,191.0559516518334,4.4300388061346645,0.08518003947789926,0.016122502303821205,0.012723148324638068,0.0601904507951424,0.07383109323124688,7046.288888888888,50350.48888888888,3411.6777777777775,25140.0,9361.0,1034.3687937013392,2746.7695337252444,9.852472959717288,2350.29367192092,25.37278140471962,46.95289144299308,0.9414826159769277,0.3967036781163147
616,Poland,0.006708537045337424,2.0950465210044964e-06,0.012068481230753042,0.04302450041537078,5.871656934510582e-06,2868.7888888888892,0.00033057317068498873,0.0010011873802107116,0.001040261404392597,176.68659440136227,6.354204643065832e-05,0.00013071935994209813,0.0014282964120827617,0.0014204747148407505,0.04911249913696025,0.7879313220636548,0.02617450284288073,0.00031959447725268635,8.620730819505355e-05,783.3711411494178,0.010429092713800863,0.049406927347936495,0.02753822384835292,0.01964642275993188,0.010785540842867626,40.87822276666021,133.75521622431336,69.35396459827209,135.53817336485216,0.07168090741002778,0.02323683577827103,0.03024979794590636,0.013455237184331984,0.21274837109464426,3882.9444444444443,27694.277777777777,1915.2888888888888,33513.944444444445,4783.488888888889,2032.0183040802217,85.54990034271756,17.761296506847916,12237.448972518103,748.2648253297326,0.336559811292298,0.2119162621460694,0.053771884003721876
620,Portugal,0.0006609019170032683,5.308235004904913e-05,0.5848312066392484,0.018820698555672546,4.86160267664259e-06,1248.9444444444443,0.007184396702689626,0.0001327790649353337,0.0028561345639272857,47.16018699708704,0.000291816609085442,0.0007226361919477843,0.015095744266594852,0.001019711671152924,0.005192472334689436,0.47062361267351477,0.0008559793266434965,0.0032835852953344243,0.006510343514913818,90.58643270033274,0.0158615345684663,0.0074557375773693195,0.014920118584635841,0.018460502396997994,0.006830838693649161,37.79896585488287,79.39543933226834,14.927248500888446,100.00749175539974,0.01044261056233852,0.01076588920694478,0.009372738777073363,0.027017125047815133,0.01713397324390698,2615.644444444444,21959.18888888889,1102.325,50137.055555555555,2257.5555555555557,806.7769511228184,1089.8788918991681,172.33570568798552,10275.87642424721,577.645216199949,7.773329024404601,0.5293763873264852,0.03554319112551216
642,Romania,0.00024298527450901733,7.019836434111843e-05,1.3823456844808184,0.014443313502986273,4.107205557851733e-05,2210.988888888889,5.976416286626249e-05,0.00011906805225244191,0.004331178567595338,21.424397324517816,0.00024219918148120934,0.003677492136445044,0.022223966309237748,0.03754602528404039,0.017954844879935723,0.6775624585954421,0.15966958188713265,0.0002854352569770127,0.028156282877373415,40.312791496181546,0.002417278289859536,0.003677351894882233,0.0033510934129477366,0.003859049081285201,0.002656519888301218,21.768882184862452,34.63608299146266,0.9595848391153292,31.24521218259368,0.05057052975802098,0.015318169919697287,0.01058781804328038,0.015320501076774854,0.23970712326884522,3894.966666666667,15873.81111111111,1704.9444444444443,15942.533333333333,4232.077777777778,452.98536843720046,2360.268207233947,350.73847924853754,5699.433713125455,303.0483352205181,13.860812452069212,0.3224375414045578,0.011615148195980588
703,Slovakia,0.0009141428146602992,2.8583948504210263e-07,0.5708331363230151,0.009648216551595548,5.716789700842053e-07,2449.3444444444444,0.020096793436933203,0.000635517712199488,0.010445978464796947,20.87774288323859,3.1968371267254444e-05,0.00074197247046118,0.020019208960242788,0.007965261056889337,0.020935577457926065,0.7243260482166911,0.07668110170491838,0.001483060740778508,0.00032985262523334925,227.6937787551338,0.0015694026718993384,0.002089534510064278,0.009540421780172099,0.025101444517962656,0.006801282484648245,38.186454999940125,35.5341485458557,22.318758952967293,33.13288087309434,0.08991243020626309,0.005235592419362337,0.00924286358519679,0.005040828855029496,0.2903253195889576,4854.177777777778,22232.933333333334,2197.644444444444,16501.67777777778,5317.366666666667,857.168915777717,643.3783664852624,64.48262395795774,6203.087700634947,287.6314607282484,1.1926335881249566,0.2756739517833089,0.06974232922874872
705,Slovenia,0.012794187326587925,2.1459778441113e-06,0.8925311475729725,0.00508468462232646,4.819790368456987e-05,3186.8999999999996,0.000523239127048914,0.0001421919869217654,0.0007793087468360001,93.81733393669036,1.2046495789428863e-06,0.00014692790743312206,0.04725411490179984,0.0016877137844904444,0.02177564654185984,0.3837232357230187,0.020755607231121496,0.0054718137505447365,0.000712936592163631,104.66634213074593,0.003932416398045374,0.021538871924086753,0.015641250827829717,0.05621380054773285,0.0023896630896948798,37.656161038122534,104.45492716135408,7.787589765389591,47.37205278849503,0.08996485289385704,0.012649253868191126,0.003971892358586409,0.023603158129705995,0.12048315176731283,4867.0,25037.044444444444,2141.188888888889,18248.833333333332,5226.288888888888,1261.5540367235487,302.4212537136852,66.40133802120653,6859.016534725055,391.599945124495,3.6726637060661744,0.616460371557396,0.07139133199321045
724,Spain,0.000523672167867294,0.0002587152533818118,1.0744480174971642,0.029755804429310202,1.4215317716098258e-05,1990.1888888888889,0.0034304409452309277,0.0003124792205818797,0.0013053439574410698,71.12099215803374,7.065334433730676e-05,0.0038906521471993613,0.005577428091450329,0.0006662789602922118,0.005412265511047214,0.6434217540461672,0.0023131162945955485,0.00262877583320994,0.0031872182424287077,84.76648976020581,0.015963627549947283,0.01643315851750276,0.0903178839369632,0.0047513751954792625,0.004244923434605414,32.42478069674029,51.37550110324493,10.974367673724949,177.03858738162546,0.1521169156633882,0.003941350380384631,0.02664449097602476,0.019121320277969575,0.12341132705310026,3041.811111111111,31807.38888888889,1126.5333333333335,39401.26666666667,3250.9555555555553,677.0357136294458,1617.4518874457078,287.6066279080726,7103.4971181077035,1211.0469804500328,12.246242751101647,0.36429146179187594,0.019497744167981286
752,Sweden,0.0,8.955212180078366e-07,0.029009449786729088,0.06129647388421999,1.9948200778334428e-08,4046.988888888889,2.007574444025715e-05,0.008431009990912711,0.002327893392374378,302.0626010757207,8.681622014246562e-06,0.0003390944837849999,4.6820828557085174e-05,0.013988069773941927,0.0061201339301502865,0.8478480679103468,0.02711862083664743,0.0009798593479966667,5.5058498145158926e-06,916.716877698082,0.007047664560790419,0.0015412306493672117,0.008614817845587354,0.03601946969643651,0.003466805344016848,45.266676900301405,52.96715579907138,176.8133294566234,81.3883903210702,0.11755382375971084,0.009290932540038321,0.018451118784654923,0.005413869650276874,0.17953879674654086,4616.222222222223,34982.23333333333,2992.0555555555557,24944.622222222224,6466.977777777778,3084.9001485492486,1006.7711158226563,25.500083569898692,10009.177961310426,469.12756475950977,11.561337241414243,0.1521519286705605,0.051470910076667944
764,Thailand,0.00439284431750744,0.0,2.269025,0.0,9.501242940666954e-05,0.0,0.0043698537392440956,1.4932438669542599e-05,0.0004541114514882915,168.92038194444444,3.578888710277573e-05,1.3474839749415724e-07,0.0028871757674077563,1.1459620162689058e-06,0.02247274477574688,0.9553100248250652,3.1524193853458863e-06,8.959374327509573e-06,5.302264374637923e-07,56.57576944444445,0.00492837239977538,0.0001432933412049338,0.0007070319019221692,0.0031205420369556356,0.0012014812339128924,30.574344623908573,74.19890890537032,30.50787083333333,40.3546705199351,0.0028799837689793308,0.00030111232276589753,0.010159145029642134,0.01644730604856255,5.826372278101994e-05,2358.355555555556,17955.31111111111,956.0,7619.033333333334,1027.3666666666666,5733.944305555556,52.545138888888886,578.0033333333333,12087.548983453456,338.68285469228556,0.19955277777777777,0.03478554193410843,0.003524945963660052
826,United Kingdom of Great Britain and Northern Ireland,0.0,2.223254773392709e-05,0.0,0.02809039916279322,4.462030123886093e-06,5562.311111111111,4.2212436837738646e-05,0.004249405689876839,0.005921015132583117,81.22707495278463,0.002110729361374598,0.01933266300504481,0.00010933993055739967,0.009798119976516598,0.00999877277370355,0.3514631024616595,0.008934217260011373,0.0053624915730517,0.0008547409406376341,94.75614983113229,0.0024962466776805767,0.019816782717025368,0.014716528883749016,0.02305900086193171,0.004313367658206467,43.554690955559785,100.17716056183106,26.943806384347813,55.18153175068281,0.1915100652897251,0.022270165993230326,0.05227973383568103,0.02017613835241759,0.28711955161755653,6230.788888888888,39468.72222222222,3273.6000000000004,20747.433333333334,8147.822222222221,871.3088113758104,2971.246316517662,9.595965703833238,9885.228922659675,288.8705587218838,26.181675396887286,0.6485368975290648,0.0637088330558177
840,United States of America,0.0,5.534621110375558e-06,0.03396487612323424,0.002313985352034576,5.334591408645072e-06,2341.855555555556,0.00013357863292166823,0.00026437770376518013,0.001463838921801611,45.49520067076542,2.2043520329321705e-05,0.00010859070287611258,0.0018267167689938028,0.00026332255342847094,0.0234337749629236,0.37159556982374753,0.04133226345701811,0.0016474985389561716,1.611483872506582e-05,36.265579924489266,0.0025075399806002052,0.04685254723946745,0.0334450851143328,0.013309989280521827,0.0034033292925986624,15.118209620162995,45.504581800389694,7.457985809663488,28.431654014936118,0.005995920855982669,0.0025101595756569107,0.008822177405601508,0.0057246098173585145,0.1003532011568335,3926.1000000000004,49591.711111111115,1855.0888888888887,34593.65555555555,3220.1555555555556,346.5187688267276,19.595302409517007,9.794938282193028,3551.0273235238838,175.16620152695782,0.25129921139418726,0.6284044301499653,0.024338267026353635
858,Uruguay,0.0,0.0,0.0,0.009334732872610099,0.0,2039.9333333333334,0.0,0.00026519616757865596,0.0,47.81470574074074,0.007585139107925104,0.013850433903172988,0.032842624668771955,0.005068550030011082,0.0006215813169028607,0.15487628456126143,0.02043047954088908,2.9121266663034047e-06,0.00012735175569478195,22.17872425925926,3.298355786859829e-06,0.3280433138111807,1.4432264252443573e-05,0.08705256057437934,1.730191082085446e-05,3.7120915317028658,5.386592903248897,13.035485092592593,0.8925736682902438,0.07589932778496168,0.0018159834510597388,0.002986212496447686,0.0038514538900340602,0.11867337338795148,3665.9333333333334,21378.144444444442,999.5777777777779,21057.333333333332,3612.277777777778,972.8055555555555,531.2685185185186,1.4957037037037038,2869.486747870854,12.191431126746863,1.6030441666666666,0.8451237154387385,0.11172012443735957
